Role,Only in company,Name,E-mail,Language,Status,Last sign-in
Administrator,,Fatima Al Zaabi,admin.ar@alnoor.example,Arabic,Active,2026-10-09 05:44:23
Administrator,,Mariam Al Mansoori,admin@alnoor.example,English,Active,2026-10-09 05:47:39
Company manager,ALN-DXB · Al Noor Trading LLC,Hessa Al Suwaidi,accountant@alnoor.example,English,Active,
Read-only,ALN-FZE · Al Noor General Trading FZE,Hessa Al Suwaidi,accountant@alnoor.example,English,Active,
Read-only,,Omar Haddad,viewer@alnoor.example,English,Active,2026-10-09 05:43:22
Staff,,Hessa Al Suwaidi,accountant@alnoor.example,English,Active,
,,Abdullah Abdullah Al Ameri,abdullah.al.ameri.001205@staff.example,English,Active,
,,Abdullah Abdullah Al Ameri,abdullah.al.ameri.049060@staff.example,Arabic,Active,
,,Abdullah Abdullah Al Ameri,abdullah.al.ameri.071946@staff.example,Arabic,Active,
,,Abdullah Abdullah Al Dhaheri,abdullah.al.dhaheri.013465@staff.example,Arabic,Active,
,,Abdullah Abdullah Al Hashimi,abdullah.al.hashimi.034972@staff.example,English,Active,
,,Abdullah Abdullah Al Muhairi,abdullah.al.muhairi.001674@staff.example,English,Active,
,,Abdullah Abdullah Al Shamsi,abdullah.al.shamsi.033647@staff.example,Arabic,Active,
,,Abdullah Abdullah Awad,abdullah.awad.094674@staff.example,English,Active,
,,Abdullah Abdullah Habib,abdullah.habib.001202@staff.example,Arabic,Active,
,,Abdullah Abdullah Habib,abdullah.habib.081146@staff.example,English,Active,
,,Abdullah Abdullah Iyer,abdullah.iyer.070645@staff.example,English,Active,
,,Abdullah Abdullah Kowalski,abdullah.kowalski.096167@staff.example,English,Active,
,,Abdullah Abdullah Mansour,abdullah.mansour.060203@staff.example,English,Active,
,,Abdullah Abdullah Menon,abdullah.menon.002127@staff.example,English,Active,
,,Abdullah Abdullah Nair,abdullah.nair.077129@staff.example,Arabic,Active,
,,Abdullah Abdullah Rahman,abdullah.rahman.028092@staff.example,English,Active,
,,Abdullah Abdullah Siddiqui,abdullah.siddiqui.040362@staff.example,English,Active,
,,Abdullah Abdullah Siddiqui,abdullah.siddiqui.069889@staff.example,English,Active,
,,Abdullah Abdullah Thomas,abdullah.thomas.064242@staff.example,Arabic,Active,
,,Abdullah Abdullah Yassin,abdullah.yassin.054892@staff.example,English,Active,
,,Abdullah Ahmed Al Blooshi,abdullah.al.blooshi.084752@staff.example,English,Active,
,,Abdullah Ahmed Al Mazrouei,abdullah.al.mazrouei.023649@staff.example,English,Active,
,,Abdullah Ahmed Al Nuaimi,abdullah.al.nuaimi.091509@staff.example,English,Active,
,,Abdullah Ahmed Al Romaithi,abdullah.al.romaithi.081208@staff.example,English,Active,
,,Abdullah Ahmed Al Zaabi,abdullah.al.zaabi.051182@staff.example,English,Active,
,,Abdullah Ahmed Aziz,abdullah.aziz.058124@staff.example,English,Active,
,,Abdullah Ahmed Darwish,abdullah.darwish.059063@staff.example,Arabic,Active,
,,Abdullah Ahmed Farouk,abdullah.farouk.077906@staff.example,English,Active,
,,Abdullah Ahmed Hussain,abdullah.hussain.025598@staff.example,Arabic,Active,
,,Abdullah Ahmed Ivanova,abdullah.ivanova.042625@staff.example,English,Active,
,,Abdullah Ahmed Iyer,abdullah.iyer.038876@staff.example,Arabic,Active,
,,Abdullah Ahmed Karam,abdullah.karam.058258@staff.example,Arabic,Active,
,,Abdullah Ahmed Kowalski,abdullah.kowalski.096188@staff.example,English,Active,
,,Abdullah Ahmed Mahmoud,abdullah.mahmoud.035041@staff.example,English,Active,
,,Abdullah Ahmed Mathew,abdullah.mathew.020515@staff.example,English,Active,
,,Abdullah Ahmed Mathew,abdullah.mathew.065783@staff.example,English,Active,
,,Abdullah Ahmed Menon,abdullah.menon.068084@staff.example,English,Active,
,,Abdullah Ahmed Nair,abdullah.nair.008590@staff.example,English,Active,
,,Abdullah Ahmed Novak,abdullah.novak.028571@staff.example,Arabic,Active,
,,Abdullah Ahmed Pillai,abdullah.pillai.025842@staff.example,Arabic,Active,
,,Abdullah Ahmed Sharma,abdullah.sharma.006817@staff.example,English,Active,
,,Abdullah Ahmed Smith,abdullah.smith.096617@staff.example,Arabic,Active,
,,Abdullah Ahmed Thomas,abdullah.thomas.012195@staff.example,English,Active,
